{
  "integrations": [
    {
      "id": "430973f9-81dd-46fc-8698-cf8be0e7e910",
      "name": "Cats! - Do Nothing Trigger",
      "action": "RUN_SCRIPT",
      "type": "INBOUND_WEBHOOK",
      "deployed": true,
      "form": "cb530f05-327a-4545-a608-77b32a42ab2a",
      "environment": "HOSTED",
      "authType": "URL",
      "createdBy": "FLOW",
      "integrationScriptStepUuid": "5e613c64-5af9-4485-8abd-94c0231c9f04"
    }
  ],
  "endpoints": [
    {
      "name": "Catfact",
      "baseUrl": "https://catfact.ninja",
      "type": "EXTERNAL",
      "authentication": "NO_AUTH"
    }
  ],
  "constants": []
}