[
  {
    "id": "ae71ebfc-200d-48e2-822a-5fbc49c786ce",
    "name": "Catfact - cat fact",
    "description": "get a cat fact from https://catfact.ninja/fact",
    "icon": "/static/images/script_steps/default-brackets.png",
    "script": "var apiRequest = http.request({\n    'endpoint': 'Catfact',\n    'path': '/fact',\n    'method': 'GET'\n});\nvar apiResponse = apiRequest.write();\nif (apiResponse.statusCode == 200) {\n    var body = JSON.parse(apiResponse.body);\n    output['fact'] = body.fact;\n}\n ",
    "endpointAuthType": "NO_AUTH",
    "endpointLabel": "Catfact",
    "allowedEnvironment": "HOSTED",
    "accessibleByAll": "NotShared",
    "scriptStepType": "USER",
    "inputs": [],
    "outputs": [
      {
        "id": "c63f6328-a48a-4cbe-8d0f-c97f54b6f832",
        "name": "fact",
        "position": 0
      }
    ],
    "libraries": []
  },
  {
    "id": "5e613c64-5af9-4485-8abd-94c0231c9f04",
    "name": "Do Nothing Trigger",
    "description": "Just triggers a flow",
    "icon": "/static/images/script_steps/http-trigger.png",
    "script": "//",
    "endpointLabel": "",
    "allowedEnvironment": "HOSTED",
    "accessibleByAll": "NotShared",
    "scriptStepType": "CUSTOM_HTTP",
    "inputs": [],
    "outputs": [
      {
        "id": "c2d88124-ccdc-40d3-a200-8b03e31348e1",
        "name": "Data",
        "description": "",
        "position": 0
      }
    ],
    "libraries": []
  }
]