{
  "name": "Cats!",
  "form": "cb530f05-327a-4545-a608-77b32a42ab2a",
  "blocks": [
    {
      "id": "27894941-d6fb-4de5-8b9f-dee9116ad9ca",
      "endpoint": "Catfact",
      "label": "Catfact - cat fact",
      "environment": "HOSTED",
      "presentation": "{\"w\":60,\"x\":220,\"h\":60,\"y\":40}",
      "step": "ae71ebfc-200d-48e2-822a-5fbc49c786ce",
      "stepType": "SCRIPT_STEP"
    },
    {
      "id": "2991f378-58ea-40e8-942e-adaf12e0fafa",
      "label": "Cats! - Do Nothing Trigger",
      "environment": "HOSTED",
      "presentation": "{\"w\":60,\"x\":0,\"h\":60,\"y\":40}",
      "step": "430973f9-81dd-46fc-8698-cf8be0e7e910",
      "stepType": "INTEGRATION"
    }
  ],
  "edges": [
    {
      "fromBlock": "2991f378-58ea-40e8-942e-adaf12e0fafa",
      "fromPort": "output",
      "toBlock": "27894941-d6fb-4de5-8b9f-dee9116ad9ca",
      "toPort": "input"
    }
  ]
}